763661,510500,193500,TQ1050093500,51.629472,-0.40494226
763662,511500,193500,TQ1150093500,51.629275,-0.39050082
763663,512500,193500,TQ1250093500,51.629076,-0.37605954
763664,513500,193500,TQ1350093500,51.628876,-0.36161843
763665,514500,193500,TQ1450093500,51.628673,-0.34717749
763666,515500,193500,TQ1550093500,51.628469,-0.33273672
763667,516500,193500,TQ1650093500,51.628263,-0.31829612
763668,517500,193500,TQ1750093500,51.628056,-0.30385569
763669,518500,193500,TQ1850093500,51.627846,-0.28941543
763670,519500,193500,TQ1950093500,51.627635,-0.27497535
763671,520500,193500,TQ2050093500,51.627422,-0.26053545
763672,521500,193500,TQ2150093500,51.627207,-0.24609573
763673,522500,193500,TQ2250093500,51.626990,-0.23165619
763674,523500,193500,TQ2350093500,51.626772,-0.21721682
763675,524500,193500,TQ2450093500,51.626552,-0.20277764
763676,525500,193500,TQ2550093500,51.626330,-0.18833865
763677,526500,193500,TQ2650093500,51.626106,-0.17389984
763678,527500,193500,TQ2750093500,51.625881,-0.15946122
763679,528500,193500,TQ2850093500,51.625653,-0.14502279
763680,529500,193500,TQ2950093500,51.625424,-0.13058455
763681,530500,193500,TQ3050093500,51.625194,-0.11614650
763682,531500,193500,TQ3150093500,51.624961,-0.10170864
763683,532500,193500,TQ3250093500,51.624727,-0.087270977
763684,533500,193500,TQ3350093500,51.624491,-0.072833511
763685,534500,193500,TQ3450093500,51.624253,-0.058396243
763686,535500,193500,TQ3550093500,51.624013,-0.043959174
763687,536500,193500,TQ3650093500,51.623772,-0.029522306
763688,537500,193500,TQ3750093500,51.623528,-0.015085640
763689,538500,193500,TQ3850093500,51.623283,-0.00064917793
763690,539500,193500,TQ3950093500,51.623037,0.013787079
763691,540500,193500,TQ4050093500,51.622788,0.028223130
763692,541500,193500,TQ4150093500,51.622538,0.042658972
763693,542500,193500,TQ4250093500,51.622286,0.057094605
763694,543500,193500,TQ4350093500,51.622032,0.071530027
763695,544500,193500,TQ4450093500,51.621776,0.085965237
763696,545500,193500,TQ4550093500,51.621519,0.10040023
763697,546500,193500,TQ4650093500,51.621260,0.11483501
763698,547500,193500,TQ4750093500,51.620999,0.12926958
763699,548500,193500,TQ4850093500,51.620736,0.14370392
763700,549500,193500,TQ4950093500,51.620471,0.15813804
763701,550500,193500,TQ5050093500,51.620205,0.17257195
763702,551500,193500,TQ5150093500,51.619937,0.18700563
763703,552500,193500,TQ5250093500,51.619667,0.20143908
763704,553500,193500,TQ5350093500,51.619396,0.21587232
764351,510500,192500,TQ1050092500,51.620485,-0.40525741
764352,511500,192500,TQ1150092500,51.620288,-0.39081882
764353,512500,192500,TQ1250092500,51.620089,-0.37638039
764354,513500,192500,TQ1350092500,51.619888,-0.36194213
764355,514500,192500,TQ1450092500,51.619686,-0.34750404
764356,515500,192500,TQ1550092500,51.619482,-0.33306612
764357,516500,192500,TQ1650092500,51.619276,-0.31862837
764358,517500,192500,TQ1750092500,51.619068,-0.30419079
764359,518500,192500,TQ1850092500,51.618859,-0.28975338
764360,519500,192500,TQ1950092500,51.618648,-0.27531616
764361,520500,192500,TQ2050092500,51.618435,-0.26087910
764362,521500,192500,TQ2150092500,51.618220,-0.24644223
764363,522500,192500,TQ2250092500,51.618003,-0.23200554
764364,523500,192500,TQ2350092500,51.617785,-0.21756902
764365,524500,192500,TQ2450092500,51.617565,-0.20313269
764366,525500,192500,TQ2550092500,51.617343,-0.18869655
764367,526500,192500,TQ2650092500,51.617119,-0.17426059
764368,527500,192500,TQ2750092500,51.616894,-0.15982482
764369,528500,192500,TQ2850092500,51.616667,-0.14538923
764370,529500,192500,TQ2950092500,51.616438,-0.13095384
764371,530500,192500,TQ3050092500,51.616207,-0.11651864
764372,531500,192500,TQ3150092500,51.615975,-0.10208363
764373,532500,192500,TQ3250092500,51.615740,-0.087648814
764374,533500,192500,TQ3350092500,51.615504,-0.073214197
764375,534500,192500,TQ3450092500,51.615267,-0.058779777
764376,535500,192500,TQ3550092500,51.615027,-0.044345556
764377,536500,192500,TQ3650092500,51.614786,-0.029911535
764378,537500,192500,TQ3750092500,51.614542,-0.015477717
764379,538500,192500,TQ3850092500,51.614298,-0.0010441018
764380,539500,192500,TQ3950092500,51.614051,0.013389308
764381,540500,192500,TQ4050092500,51.613802,0.027822512
764382,541500,192500,TQ4150092500,51.613552,0.042255507
764383,542500,192500,TQ4250092500,51.613300,0.056688293
764384,543500,192500,TQ4350092500,51.613046,0.071120869
764385,544500,192500,TQ4450092500,51.612791,0.085553231
764386,545500,192500,TQ4550092500,51.612534,0.099985381
764387,546500,192500,TQ4650092500,51.612274,0.11441731
764388,547500,192500,TQ4750092500,51.612014,0.12884903
764389,548500,192500,TQ4850092500,51.611751,0.14328053
764390,549500,192500,TQ4950092500,51.611486,0.15771181
764391,550500,192500,TQ5050092500,51.611220,0.17214287
764392,551500,192500,TQ5150092500,51.610952,0.18657370
764393,552500,192500,TQ5250092500,51.610683,0.20100431
764394,553500,192500,TQ5350092500,51.610411,0.21543470
765041,510500,191500,TQ1050091500,51.611497,-0.40557239
765042,511500,191500,TQ1150091500,51.611300,-0.39113665
765043,512500,191500,TQ1250091500,51.611101,-0.37670108
765044,513500,191500,TQ1350091500,51.610901,-0.36226566
765045,514500,191500,TQ1450091500,51.610698,-0.34783042
765046,515500,191500,TQ1550091500,51.610494,-0.33339535
765047,516500,191500,TQ1650091500,51.610289,-0.31896045
765048,517500,191500,TQ1750091500,51.610081,-0.30452572
765049,518500,191500,TQ1850091500,51.609872,-0.29009116
765050,519500,191500,TQ1950091500,51.609660,-0.27565678
765051,520500,191500,TQ2050091500,51.609448,-0.26122258
765052,521500,191500,TQ2150091500,51.609233,-0.24678855
765053,522500,191500,TQ2250091500,51.609016,-0.23235470
765054,523500,191500,TQ2350091500,51.608798,-0.21792104
765055,524500,191500,TQ2450091500,51.608578,-0.20348756
765056,525500,191500,TQ2550091500,51.608356,-0.18905426
765057,526500,191500,TQ2650091500,51.608133,-0.17462115
765058,527500,191500,TQ2750091500,51.607907,-0.16018822
765059,528500,191500,TQ2850091500,51.607680,-0.14575549
765060,529500,191500,TQ2950091500,51.607451,-0.13132294
765061,530500,191500,TQ3050091500,51.607221,-0.11689058
765062,531500,191500,TQ3150091500,51.606988,-0.10245842
765063,532500,191500,TQ3250091500,51.606754,-0.088026456
765064,533500,191500,TQ3350091500,51.606518,-0.073594685
765065,534500,191500,TQ3450091500,51.606280,-0.059163111
765066,535500,191500,TQ3550091500,51.606041,-0.044731736
765067,536500,191500,TQ3650091500,51.605800,-0.030300562
765068,537500,191500,TQ3750091500,51.605557,-0.015869590
765069,538500,191500,TQ3850091500,51.605312,-0.0014388207
765070,539500,191500,TQ3950091500,51.605065,0.012991743
765071,540500,191500,TQ4050091500,51.604817,0.027422101
765072,541500,191500,TQ4150091500,51.604567,0.041852251
765073,542500,191500,TQ4250091500,51.604315,0.056282192
765074,543500,191500,TQ4350091500,51.604061,0.070711922
765075,544500,191500,TQ4450091500,51.603806,0.085141440
765076,545500,191500,TQ4550091500,51.603548,0.099570744
765077,546500,191500,TQ4650091500,51.603289,0.11399983
765078,547500,191500,TQ4750091500,51.603028,0.12842871
765079,548500,191500,TQ4850091500,51.602766,0.14285736
765080,549500,191500,TQ4950091500,51.602502,0.15728579
765081,550500,191500,TQ5050091500,51.602235,0.17171401
765082,551500,191500,TQ5150091500,51.601968,0.18614200
765083,552500,191500,TQ5250091500,51.601698,0.20056977
765084,553500,191500,TQ5350091500,51.601426,0.21499731
765731,510500,190500,TQ1050090500,51.602509,-0.40588722
765732,511500,190500,TQ1150090500,51.602312,-0.39145432
765733,512500,190500,TQ1250090500,51.602113,-0.37702159
765734,513500,190500,TQ1350090500,51.601913,-0.36258903
765735,514500,190500,TQ1450090500,51.601711,-0.34815663
765736,515500,190500,TQ1550090500,51.601507,-0.33372441
765737,516500,190500,TQ1650090500,51.601301,-0.31929235
765738,517500,190500,TQ1750090500,51.601094,-0.30486047
765739,518500,190500,TQ1850090500,51.600884,-0.29042876
765740,519500,190500,TQ1950090500,51.600673,-0.27599723
765741,520500,190500,TQ2050090500,51.600460,-0.26156587
765742,521500,190500,TQ2150090500,51.600246,-0.24713469
765743,522500,190500,TQ2250090500,51.600029,-0.23270369
765744,523500,190500,TQ2350090500,51.599811,-0.21827287
765745,524500,190500,TQ2450090500,51.599591,-0.20384224
765746,525500,190500,TQ2550090500,51.599370,-0.18941178
765747,526500,190500,TQ2650090500,51.599146,-0.17498152
765748,527500,190500,TQ2750090500,51.598921,-0.16055144
765749,528500,190500,TQ2850090500,51.598694,-0.14612155
765750,529500,190500,TQ2950090500,51.598465,-0.13169185
765751,530500,190500,TQ3050090500,51.598234,-0.11726234
765752,531500,190500,TQ3150090500,51.598002,-0.10283302
765753,532500,190500,TQ3250090500,51.597768,-0.088403901
765754,533500,190500,TQ3350090500,51.597532,-0.073974975
765755,534500,190500,TQ3450090500,51.597294,-0.059546247
765756,535500,190500,TQ3550090500,51.597055,-0.045117717
765757,536500,190500,TQ3650090500,51.596814,-0.030689387
765758,537500,190500,TQ3750090500,51.596571,-0.016261259
765759,538500,190500,TQ3850090500,51.596326,-0.0018333347
765760,539500,190500,TQ3950090500,51.596079,0.012594385
765761,540500,190500,TQ4050090500,51.595831,0.027021899
765762,541500,190500,TQ4150090500,51.595581,0.041449205
765763,542500,190500,TQ4250090500,51.595329,0.055876302
765764,543500,190500,TQ4350090500,51.595076,0.070303188
765765,544500,190500,TQ4450090500,51.594820,0.084729863
765766,545500,190500,TQ4550090500,51.594563,0.099156323
765767,546500,190500,TQ4650090500,51.594304,0.11358257
765768,547500,190500,TQ4750090500,51.594043,0.12800860
765769,548500,190500,TQ4850090500,51.593781,0.14243441
765770,549500,190500,TQ4950090500,51.593517,0.15686000
765771,550500,190500,TQ5050090500,51.593251,0.17128537
765772,551500,190500,TQ5150090500,51.592983,0.18571052
765773,552500,190500,TQ5250090500,51.592713,0.20013545
765774,553500,190500,TQ5350090500,51.592442,0.21456015
766421,510500,189500,TQ1050089500,51.593521,-0.40620187
766422,511500,189500,TQ1150089500,51.593324,-0.39177182
766423,512500,189500,TQ1250089500,51.593126,-0.37734194
766424,513500,189500,TQ1350089500,51.592925,-0.36291222
766425,514500,189500,TQ1450089500,51.592723,-0.34848268
766426,515500,189500,TQ1550089500,51.592519,-0.33405330
766427,516500,189500,TQ1650089500,51.592314,-0.31962409
766428,517500,189500,TQ1750089500,51.592106,-0.30519505
766429,518500,189500,TQ1850089500,51.591897,-0.29076619
766430,519500,189500,TQ1950089500,51.591686,-0.27633750
766431,520500,189500,TQ2050089500,51.591473,-0.26190898
766432,521500,189500,TQ2150089500,51.591259,-0.24748065
766433,522500,189500,TQ2250089500,51.591042,-0.23305250
766434,523500,189500,TQ2350089500,51.590824,-0.21862452
766435,524500,189500,TQ2450089500,51.590604,-0.20419673
766436,525500,189500,TQ2550089500,51.590383,-0.18976913
766437,526500,189500,TQ2650089500,51.590159,-0.17534170
766438,527500,189500,TQ2750089500,51.589934,-0.16091447
766439,528500,189500,TQ2850089500,51.589707,-0.14648742
766440,529500,189500,TQ2950089500,51.589478,-0.13206057
766441,530500,189500,TQ3050089500,51.589248,-0.11763390
766442,531500,189500,TQ3150089500,51.589016,-0.10320743
766443,532500,189500,TQ3250089500,51.588782,-0.088781151
766444,533500,189500,TQ3350089500,51.588546,-0.074355068
766445,534500,189500,TQ3450089500,51.588308,-0.059929183
766446,535500,189500,TQ3550089500,51.588069,-0.045503497
766447,536500,189500,TQ3650089500,51.587828,-0.031078010
766448,537500,189500,TQ3750089500,51.587585,-0.016652726
766449,538500,189500,TQ3850089500,51.587340,-0.0022276441
766450,539500,189500,TQ3950089500,51.587094,0.012197233
766451,540500,189500,TQ4050089500,51.586845,0.026621904
766452,541500,189500,TQ4150089500,51.586595,0.041046368
766453,542500,189500,TQ4250089500,51.586344,0.055470622
766454,543500,189500,TQ4350089500,51.586090,0.069894666
766455,544500,189500,TQ4450089500,51.585835,0.084318498
766456,545500,189500,TQ4550089500,51.585578,0.098742117
766457,546500,189500,TQ4650089500,51.585319,0.11316552
766458,547500,189500,TQ4750089500,51.585058,0.12758871
766459,548500,189500,TQ4850089500,51.584796,0.14201168
766460,549500,189500,TQ4950089500,51.584532,0.15643443
766461,550500,189500,TQ5050089500,51.584266,0.17085696
766462,551500,189500,TQ5150089500,51.583998,0.18527927
766463,552500,189500,TQ5250089500,51.583729,0.19970135
766464,553500,189500,TQ5350089500,51.583457,0.21412321
767111,510500,188500,TQ1050088500,51.584533,-0.40651637
767112,511500,188500,TQ1150088500,51.584337,-0.39208916
767113,512500,188500,TQ1250088500,51.584138,-0.37766212
767114,513500,188500,TQ1350088500,51.583938,-0.36323525
767115,514500,188500,TQ1450088500,51.583736,-0.34880855
767116,515500,188500,TQ1550088500,51.583532,-0.33438201
767117,516500,188500,TQ1650088500,51.583326,-0.31995565
767118,517500,188500,TQ1750088500,51.583119,-0.30552945
767119,518500,188500,TQ1850088500,51.582910,-0.29110343
767120,519500,188500,TQ1950088500,51.582699,-0.27667759
767121,520500,188500,TQ2050088500,51.582486,-0.26225192
767122,521500,188500,TQ2150088500,51.582272,-0.24782643
767123,522500,188500,TQ2250088500,51.582055,-0.23340112
767124,523500,188500,TQ2350088500,51.581837,-0.21897599
767125,524500,188500,TQ2450088500,51.581617,-0.20455104
767126,525500,188500,TQ2550088500,51.581396,-0.19012628
767127,526500,188500,TQ2650088500,51.581173,-0.17570170
767128,527500,188500,TQ2750088500,51.580947,-0.16127731
767129,528500,188500,TQ2850088500,51.580721,-0.14685311
767130,529500,188500,TQ2950088500,51.580492,-0.13242909
767131,530500,188500,TQ3050088500,51.580261,-0.11800527
767132,531500,188500,TQ3150088500,51.580029,-0.10358164
767133,532500,188500,TQ3250088500,51.579795,-0.089158205
767134,533500,188500,TQ3350088500,51.579560,-0.074734964
767135,534500,188500,TQ3450088500,51.579322,-0.060311921
767136,535500,188500,TQ3550088500,51.579083,-0.045889077
767137,536500,188500,TQ3650088500,51.578842,-0.031466432
767138,537500,188500,TQ3750088500,51.578599,-0.017043989
767139,538500,188500,TQ3850088500,51.578354,-0.0026217489
767140,539500,188500,TQ3950088500,51.578108,0.011800287
767141,540500,188500,TQ4050088500,51.577860,0.026222117
767142,541500,188500,TQ4150088500,51.577610,0.040643739
767143,542500,188500,TQ4250088500,51.577358,0.055065153
767144,543500,188500,TQ4350088500,51.577105,0.069486356
767145,544500,188500,TQ4450088500,51.576849,0.083907348
767146,545500,188500,TQ4550088500,51.576592,0.098328126
767147,546500,188500,TQ4650088500,51.576334,0.11274869
767148,547500,188500,TQ4750088500,51.576073,0.12716904
767149,548500,188500,TQ4850088500,51.575811,0.14158917
767150,549500,188500,TQ4950088500,51.575547,0.15600908
767151,550500,188500,TQ5050088500,51.575281,0.17042877
767152,551500,188500,TQ5150088500,51.575013,0.18484824
767153,552500,188500,TQ5250088500,51.574744,0.19926748
767154,553500,188500,TQ5350088500,51.574473,0.21368650
767801,510500,187500,TQ1050087500,51.575545,-0.40683070
767802,511500,187500,TQ1150087500,51.575349,-0.39240634
767803,512500,187500,TQ1250087500,51.575150,-0.37798214
767804,513500,187500,TQ1350087500,51.574950,-0.36355811
767805,514500,187500,TQ1450087500,51.574748,-0.34913425
767806,515500,187500,TQ1550087500,51.574544,-0.33471056
767807,516500,187500,TQ1650087500,51.574339,-0.32028704
767808,517500,187500,TQ1750087500,51.574131,-0.30586369
767809,518500,187500,TQ1850087500,51.573922,-0.29144051
767810,519500,187500,TQ1950087500,51.573711,-0.27701751
767811,520500,187500,TQ2050087500,51.573499,-0.26259468
767812,521500,187500,TQ2150087500,51.573284,-0.24817203
767813,522500,187500,TQ2250087500,51.573068,-0.23374957
767814,523500,187500,TQ2350087500,51.572850,-0.21932728
767815,524500,187500,TQ2450087500,51.572630,-0.20490517
767816,525500,187500,TQ2550087500,51.572409,-0.19048325
767817,526500,187500,TQ2650087500,51.572186,-0.17606151
767818,527500,187500,TQ2750087500,51.571961,-0.16163996
767819,528500,187500,TQ2850087500,51.571734,-0.14721860
767820,529500,187500,TQ2950087500,51.571505,-0.13279743
767821,530500,187500,TQ3050087500,51.571275,-0.11837645
767822,531500,187500,TQ3150087500,51.571043,-0.10395566
767823,532500,187500,TQ3250087500,51.570809,-0.089535063
767824,533500,187500,TQ3350087500,51.570573,-0.075114663
767825,534500,187500,TQ3450087500,51.570336,-0.060694461
767826,535500,187500,TQ3550087500,51.570097,-0.046274457
767827,536500,187500,TQ3650087500,51.569856,-0.031854652
767828,537500,187500,TQ3750087500,51.569613,-0.017435049
767829,538500,187500,TQ3850087500,51.569368,-0.0030156492
767830,539500,187500,TQ3950087500,51.569122,0.011403547
767831,540500,187500,TQ4050087500,51.568874,0.025822537
767832,541500,187500,TQ4150087500,51.568624,0.040241320
767833,542500,187500,TQ4250087500,51.568373,0.054659894
767834,543500,187500,TQ4350087500,51.568119,0.069078258
767835,544500,187500,TQ4450087500,51.567864,0.083496410
767836,545500,187500,TQ4550087500,51.567607,0.097914350
767837,546500,187500,TQ4650087500,51.567348,0.11233207
767838,547500,187500,TQ4750087500,51.567088,0.12674958
767839,548500,187500,TQ4850087500,51.566826,0.14116687
767840,549500,187500,TQ4950087500,51.566562,0.15558395
767841,550500,187500,TQ5050087500,51.566296,0.17000080
767842,551500,187500,TQ5150087500,51.566028,0.18441743
767843,552500,187500,TQ5250087500,51.565759,0.19883383
767844,553500,187500,TQ5350087500,51.565488,0.21325002
768491,510500,186500,TQ1050086500,51.566558,-0.40714486
768492,511500,186500,TQ1150086500,51.566361,-0.39272335
768493,512500,186500,TQ1250086500,51.566163,-0.37830199
768494,513500,186500,TQ1350086500,51.565962,-0.36388081
768495,514500,186500,TQ1450086500,51.565760,-0.34945979
768496,515500,186500,TQ1550086500,51.565557,-0.33503894
768497,516500,186500,TQ1650086500,51.565351,-0.32061825
768498,517500,186500,TQ1750086500,51.565144,-0.30619775
768499,518500,186500,TQ1850086500,51.564935,-0.29177741
768500,519500,186500,TQ1950086500,51.564724,-0.27735725
768501,520500,186500,TQ2050086500,51.564512,-0.26293726
768502,521500,186500,TQ2150086500,51.564297,-0.24851746
768503,522500,186500,TQ2250086500,51.564081,-0.23409783
768504,523500,186500,TQ2350086500,51.563863,-0.21967838
768505,524500,186500,TQ2450086500,51.563644,-0.20525912
768506,525500,186500,TQ2550086500,51.563422,-0.19084003
768507,526500,186500,TQ2650086500,51.563199,-0.17642114
768508,527500,186500,TQ2750086500,51.562974,-0.16200243
768509,528500,186500,TQ2850086500,51.562747,-0.14758391
768510,529500,186500,TQ2950086500,51.562519,-0.13316557
768511,530500,186500,TQ3050086500,51.562288,-0.11874743
768512,531500,186500,TQ3150086500,51.562056,-0.10432948
768513,532500,186500,TQ3250086500,51.561823,-0.089911726
768514,533500,186500,TQ3350086500,51.561587,-0.075494165
768515,534500,186500,TQ3450086500,51.561350,-0.061076802
768516,535500,186500,TQ3550086500,51.561110,-0.046659637
768517,536500,186500,TQ3650086500,51.560870,-0.032242671
768518,537500,186500,TQ3750086500,51.560627,-0.017825907
768519,538500,186500,TQ3850086500,51.560382,-0.0034093453
768520,539500,186500,TQ3950086500,51.560136,0.011007012
768521,540500,186500,TQ4050086500,51.559888,0.025423164
768522,541500,186500,TQ4150086500,51.559638,0.039839109
768523,542500,186500,TQ4250086500,51.559387,0.054254845
768524,543500,186500,TQ4350086500,51.559134,0.068670371
768525,544500,186500,TQ4450086500,51.558879,0.083085686
768526,545500,186500,TQ4550086500,51.558622,0.097500788
768527,546500,186500,TQ4650086500,51.558363,0.11191568
768528,547500,186500,TQ4750086500,51.558103,0.12633035
768529,548500,186500,TQ4850086500,51.557841,0.14074480
768530,549500,186500,TQ4950086500,51.557577,0.15515904
768531,550500,186500,TQ5050086500,51.557311,0.16957305
768532,551500,186500,TQ5150086500,51.557044,0.18398684
768533,552500,186500,TQ5250086500,51.556774,0.19840041
768534,553500,186500,TQ5350086500,51.556503,0.21281376
769181,510500,185500,TQ1050085500,51.557570,-0.40745887
769182,511500,185500,TQ1150085500,51.557373,-0.39304019
769183,512500,185500,TQ1250085500,51.557175,-0.37862168
769184,513500,185500,TQ1350085500,51.556975,-0.36420333
769185,514500,185500,TQ1450085500,51.556773,-0.34978515
769186,515500,185500,TQ1550085500,51.556569,-0.33536714
769187,516500,185500,TQ1650085500,51.556364,-0.32094930
769188,517500,185500,TQ1750085500,51.556157,-0.30653163
769189,518500,185500,TQ1850085500,51.555948,-0.29211414
769190,519500,185500,TQ1950085500,51.555737,-0.27769681
769191,520500,185500,TQ2050085500,51.555524,-0.26327967
769192,521500,185500,TQ2150085500,51.555310,-0.24886270
769193,522500,185500,TQ2250085500,51.555094,-0.23444591
769194,523500,185500,TQ2350085500,51.554876,-0.22002930
769195,524500,185500,TQ2450085500,51.554657,-0.20561288
769196,525500,185500,TQ2550085500,51.554435,-0.19119663
769197,526500,185500,TQ2650085500,51.554212,-0.17678058
769198,527500,185500,TQ2750085500,51.553987,-0.16236470
769199,528500,185500,TQ2850085500,51.553761,-0.14794902
769200,529500,185500,TQ2950085500,51.553532,-0.13353353
769201,530500,185500,TQ3050085500,51.553302,-0.11911822
769202,531500,185500,TQ3150085500,51.553070,-0.10470311
769203,532500,185500,TQ3250085500,51.552836,-0.090288193
769204,533500,185500,TQ3350085500,51.552601,-0.075873471
769205,534500,185500,TQ3450085500,51.552363,-0.061458945
769206,535500,185500,TQ3550085500,51.552124,-0.047044617
769207,536500,185500,TQ3650085500,51.551883,-0.032630489
769208,537500,185500,TQ3750085500,51.551641,-0.018216562
769209,538500,185500,TQ3850085500,51.551397,-0.0038028372
769210,539500,185500,TQ3950085500,51.551150,0.010610683
769211,540500,185500,TQ4050085500,51.550902,0.025023998
769212,541500,185500,TQ4150085500,51.550653,0.039437106
769213,542500,185500,TQ4250085500,51.550401,0.053850006
769214,543500,185500,TQ4350085500,51.550148,0.068262696
769215,544500,185500,TQ4450085500,51.549893,0.082675175
769216,545500,185500,TQ4550085500,51.549636,0.097087440
769217,546500,185500,TQ4650085500,51.549378,0.11149949
769218,547500,185500,TQ4750085500,51.549118,0.12591133
769219,548500,185500,TQ4850085500,51.548856,0.14032295
769220,549500,185500,TQ4950085500,51.548592,0.15473435
769221,550500,185500,TQ5050085500,51.548326,0.16914553
769222,551500,185500,TQ5150085500,51.548059,0.18355648
769223,552500,185500,TQ5250085500,51.547790,0.19796722
769224,553500,185500,TQ5350085500,51.547519,0.21237773
769871,510500,184500,TQ1050084500,51.548582,-0.40777271
769872,511500,184500,TQ1150084500,51.548385,-0.39335687
769873,512500,184500,TQ1250084500,51.548187,-0.37894120
769874,513500,184500,TQ1350084500,51.547987,-0.36452569
769875,514500,184500,TQ1450084500,51.547785,-0.35011035
769876,515500,184500,TQ1550084500,51.547582,-0.33569518
769877,516500,184500,TQ1650084500,51.547376,-0.32128017
769878,517500,184500,TQ1750084500,51.547169,-0.30686534
769879,518500,184500,TQ1850084500,51.546960,-0.29245069
769880,519500,184500,TQ1950084500,51.546750,-0.27803620
769881,520500,184500,TQ2050084500,51.546537,-0.26362189
769882,521500,184500,TQ2150084500,51.546323,-0.24920776
769883,522500,184500,TQ2250084500,51.546107,-0.23479381
769884,523500,184500,TQ2350084500,51.545889,-0.22038004
769885,524500,184500,TQ2450084500,51.545670,-0.20596645
769886,525500,184500,TQ2550084500,51.545448,-0.19155305
769887,526500,184500,TQ2650084500,51.545225,-0.17713983
769888,527500,184500,TQ2750084500,51.545000,-0.16272679
769889,528500,184500,TQ2850084500,51.544774,-0.14831395
769890,529500,184500,TQ2950084500,51.544545,-0.13390129
769891,530500,184500,TQ3050084500,51.544315,-0.11948882
769892,531500,184500,TQ3150084500,51.544083,-0.10507655
769893,532500,184500,TQ3250084500,51.543850,-0.090664465
769894,533500,184500,TQ3350084500,51.543614,-0.076252579
769895,534500,184500,TQ3450084500,51.543377,-0.061840889
769896,535500,184500,TQ3550084500,51.543138,-0.047429398
769897,536500,184500,TQ3650084500,51.542897,-0.033018105
769898,537500,184500,TQ3750084500,51.542655,-0.018607014
769899,538500,184500,TQ3850084500,51.542411,-0.0041961252
769900,539500,184500,TQ3950084500,51.542165,0.010214560
769901,540500,184500,TQ4050084500,51.541917,0.024625040
769902,541500,184500,TQ4150084500,51.541667,0.039035313
769903,542500,184500,TQ4250084500,51.541416,0.053445377
769904,543500,184500,TQ4350084500,51.541163,0.067855232
769905,544500,184500,TQ4450084500,51.540908,0.082264876
769906,545500,184500,TQ4550084500,51.540651,0.096674307
769907,546500,184500,TQ4650084500,51.540393,0.11108352
769908,547500,184500,TQ4750084500,51.540132,0.12549253
769909,548500,184500,TQ4850084500,51.539870,0.13990131
769910,549500,184500,TQ4950084500,51.539607,0.15430988
769911,550500,184500,TQ5050084500,51.539341,0.16871822
769912,551500,184500,TQ5150084500,51.539074,0.18312635
769913,552500,184500,TQ5250084500,51.538805,0.19753425
769914,553500,184500,TQ5350084500,51.538534,0.21194192
770561,510500,183500,TQ1050083500,51.539594,-0.40808639
770562,511500,183500,TQ1150083500,51.539397,-0.39367339
770563,512500,183500,TQ1250083500,51.539199,-0.37926055
770564,513500,183500,TQ1350083500,51.538999,-0.36484788
770565,514500,183500,TQ1450083500,51.538797,-0.35043538
770566,515500,183500,TQ1550083500,51.538594,-0.33602304
770567,516500,183500,TQ1650083500,51.538389,-0.32161088
770568,517500,183500,TQ1750083500,51.538182,-0.30719888
770569,518500,183500,TQ1850083500,51.537973,-0.29278706
770570,519500,183500,TQ1950083500,51.537762,-0.27837542
770571,520500,183500,TQ2050083500,51.537550,-0.26396394
770572,521500,183500,TQ2150083500,51.537336,-0.24955265
770573,522500,183500,TQ2250083500,51.537120,-0.23514154
770574,523500,183500,TQ2350083500,51.536902,-0.22073060
770575,524500,183500,TQ2450083500,51.536683,-0.20631985
770576,525500,183500,TQ2550083500,51.536461,-0.19190928
770577,526500,183500,TQ2650083500,51.536238,-0.17749889
770578,527500,183500,TQ2750083500,51.536014,-0.16308869
770579,528500,183500,TQ2850083500,51.535787,-0.14867868
770580,529500,183500,TQ2950083500,51.535559,-0.13426886
770581,530500,183500,TQ3050083500,51.535329,-0.11985923
770582,531500,183500,TQ3150083500,51.535097,-0.10544979
770583,532500,183500,TQ3250083500,51.534863,-0.091040543
770584,533500,183500,TQ3350083500,51.534628,-0.076631491
770585,534500,183500,TQ3450083500,51.534391,-0.062222636
770586,535500,183500,TQ3550083500,51.534152,-0.047813979
770587,536500,183500,TQ3650083500,51.533911,-0.033405521
770588,537500,183500,TQ3750083500,51.533669,-0.018997264
770589,538500,183500,TQ3850083500,51.533425,-0.0045892092
770590,539500,183500,TQ3950083500,51.533179,0.0098186418
770591,540500,183500,TQ4050083500,51.532931,0.024226288
770592,541500,183500,TQ4150083500,51.532681,0.038633727
770593,542500,183500,TQ4250083500,51.532430,0.053040958
770594,543500,183500,TQ4350083500,51.532177,0.067447980
770595,544500,183500,TQ4450083500,51.531922,0.081854790
770596,545500,183500,TQ4550083500,51.531666,0.096261388
770597,546500,183500,TQ4650083500,51.531407,0.11066777
770598,547500,183500,TQ4750083500,51.531147,0.12507394
770599,548500,183500,TQ4850083500,51.530885,0.13947989
770600,549500,183500,TQ4950083500,51.530622,0.15388563
770601,550500,183500,TQ5050083500,51.530356,0.16829114
770602,551500,183500,TQ5150083500,51.530089,0.18269643
770603,552500,183500,TQ5250083500,51.529820,0.19710150
770604,553500,183500,TQ5350083500,51.529549,0.21150635
771251,510500,182500,TQ1050082500,51.530606,-0.40839991
771252,511500,182500,TQ1150082500,51.530410,-0.39398974
771253,512500,182500,TQ1250082500,51.530211,-0.37957974
771254,513500,182500,TQ1350082500,51.530011,-0.36516991
771255,514500,182500,TQ1450082500,51.529810,-0.35076024
771256,515500,182500,TQ1550082500,51.529606,-0.33635074
771257,516500,182500,TQ1650082500,51.529401,-0.32194141
771258,517500,182500,TQ1750082500,51.529194,-0.30753225
771259,518500,182500,TQ1850082500,51.528985,-0.29312326
771260,519500,182500,TQ1950082500,51.528775,-0.27871445
771261,520500,182500,TQ2050082500,51.528563,-0.26430582
771262,521500,182500,TQ2150082500,51.528348,-0.24989736
771263,522500,182500,TQ2250082500,51.528133,-0.23548908
771264,523500,182500,TQ2350082500,51.527915,-0.22108098
771265,524500,182500,TQ2450082500,51.527696,-0.20667306
771266,525500,182500,TQ2550082500,51.527474,-0.19226532
771267,526500,182500,TQ2650082500,51.527252,-0.17785777
771268,527500,182500,TQ2750082500,51.527027,-0.16345041
771269,528500,182500,TQ2850082500,51.526800,-0.14904323
771270,529500,182500,TQ2950082500,51.526572,-0.13463624
771271,530500,182500,TQ3050082500,51.526342,-0.12022944
771272,531500,182500,TQ3150082500,51.526110,-0.10582284
771273,532500,182500,TQ3250082500,51.525877,-0.091416425
771274,533500,182500,TQ3350082500,51.525642,-0.077010207
771275,534500,182500,TQ3450082500,51.525405,-0.062604185
771276,535500,182500,TQ3550082500,51.525166,-0.048198361
771277,536500,182500,TQ3650082500,51.524925,-0.033792736
771278,537500,182500,TQ3750082500,51.524683,-0.019387312
771279,538500,182500,TQ3850082500,51.524439,-0.0049820896
771280,539500,182500,TQ3950082500,51.524193,0.0094229290
771281,540500,182500,TQ4050082500,51.523945,0.023827742
771282,541500,182500,TQ4150082500,51.523696,0.038232349
771283,542500,182500,TQ4250082500,51.523444,0.052636748
771284,543500,182500,TQ4350082500,51.523191,0.067040938
771285,544500,182500,TQ4450082500,51.522937,0.081444917
771286,545500,182500,TQ4550082500,51.522680,0.095848683
771287,546500,182500,TQ4650082500,51.522422,0.11025224
771288,547500,182500,TQ4750082500,51.522162,0.12465557
771289,548500,182500,TQ4850082500,51.521900,0.13905869
771290,549500,182500,TQ4950082500,51.521637,0.15346160
771291,550500,182500,TQ5050082500,51.521371,0.16786428
771292,551500,182500,TQ5150082500,51.521104,0.18226674
771293,552500,182500,TQ5250082500,51.520835,0.19666898
771294,553500,182500,TQ5350082500,51.520565,0.21107099
771941,510500,181500,TQ1050081500,51.521618,-0.40871326
771942,511500,181500,TQ1150081500,51.521422,-0.39430593
771943,512500,181500,TQ1250081500,51.521224,-0.37989877
771944,513500,181500,TQ1350081500,51.521024,-0.36549176
771945,514500,181500,TQ1450081500,51.520822,-0.35108493
771946,515500,181500,TQ1550081500,51.520619,-0.33667826
771947,516500,181500,TQ1650081500,51.520414,-0.32227177
771948,517500,181500,TQ1750081500,51.520207,-0.30786544
771949,518500,181500,TQ1850081500,51.519998,-0.29345929
771950,519500,181500,TQ1950081500,51.519787,-0.27905331
771951,520500,181500,TQ2050081500,51.519575,-0.26464751
771952,521500,181500,TQ2150081500,51.519361,-0.25024189
771953,522500,181500,TQ2250081500,51.519145,-0.23583644
771954,523500,181500,TQ2350081500,51.518928,-0.22143117
771955,524500,181500,TQ2450081500,51.518709,-0.20702609
771956,525500,181500,TQ2550081500,51.518488,-0.19262118
771957,526500,181500,TQ2650081500,51.518265,-0.17821647
771958,527500,181500,TQ2750081500,51.518040,-0.16381193
771959,528500,181500,TQ2850081500,51.517814,-0.14940759
771960,529500,181500,TQ2950081500,51.517586,-0.13500343
771961,530500,181500,TQ3050081500,51.517356,-0.12059947
771962,531500,181500,TQ3150081500,51.517124,-0.10619569
771963,532500,181500,TQ3250081500,51.516891,-0.091792112
771964,533500,181500,TQ3350081500,51.516655,-0.077388726
771965,534500,181500,TQ3450081500,51.516418,-0.062985536
771966,535500,181500,TQ3550081500,51.516180,-0.048582544
771967,536500,181500,TQ3650081500,51.515939,-0.034179750
771968,537500,181500,TQ3750081500,51.515697,-0.019777157
771969,538500,181500,TQ3850081500,51.515453,-0.0053747663
771970,539500,181500,TQ3950081500,51.515207,0.0090274211
771971,540500,181500,TQ4050081500,51.514959,0.023429404
771972,541500,181500,TQ4150081500,51.514710,0.037831180
771973,542500,181500,TQ4250081500,51.514459,0.052232748
771974,543500,181500,TQ4350081500,51.514206,0.066634107
771975,544500,181500,TQ4450081500,51.513951,0.081035256
771976,545500,181500,TQ4550081500,51.513695,0.095436192
771977,546500,181500,TQ4650081500,51.513437,0.10983691
771978,547500,181500,TQ4750081500,51.513177,0.12423742
771979,548500,181500,TQ4850081500,51.512915,0.13863771
771980,549500,181500,TQ4950081500,51.512651,0.15303778
771981,550500,181500,TQ5050081500,51.512386,0.16743764
771982,551500,181500,TQ5150081500,51.512119,0.18183727
771983,552500,181500,TQ5250081500,51.511850,0.19623668
771984,553500,181500,TQ5350081500,51.511580,0.21063586
772631,510500,180500,TQ1050080500,51.512630,-0.40902645
772632,511500,180500,TQ1150080500,51.512434,-0.39462196
772633,512500,180500,TQ1250080500,51.512236,-0.38021762
772634,513500,180500,TQ1350080500,51.512036,-0.36581345
772635,514500,180500,TQ1450080500,51.511834,-0.35140945
772636,515500,180500,TQ1550080500,51.511631,-0.33700562
772637,516500,180500,TQ1650080500,51.511426,-0.32260196
772638,517500,180500,TQ1750080500,51.511219,-0.30819846
772639,518500,180500,TQ1850080500,51.511010,-0.29379514
772640,519500,180500,TQ1950080500,51.510800,-0.27939200
772641,520500,180500,TQ2050080500,51.510588,-0.26498903
772642,521500,180500,TQ2150080500,51.510374,-0.25058624
772643,522500,180500,TQ2250080500,51.510158,-0.23618362
772644,523500,180500,TQ2350080500,51.509941,-0.22178118
772645,524500,180500,TQ2450080500,51.509722,-0.20737893
772646,525500,180500,TQ2550080500,51.509501,-0.19297686
772647,526500,180500,TQ2650080500,51.509278,-0.17857497
772648,527500,180500,TQ2750080500,51.509053,-0.16417327
772649,528500,180500,TQ2850080500,51.508827,-0.14977176
772650,529500,180500,TQ2950080500,51.508599,-0.13537043
772651,530500,180500,TQ3050080500,51.508369,-0.12096930
772652,531500,180500,TQ3150080500,51.508137,-0.10656836
772653,532500,180500,TQ3250080500,51.507904,-0.092167605
772654,533500,180500,TQ3350080500,51.507669,-0.077767049
772655,534500,180500,TQ3450080500,51.507432,-0.063366690
772656,535500,180500,TQ3550080500,51.507193,-0.048966527
772657,536500,180500,TQ3650080500,51.506953,-0.034566564
772658,537500,180500,TQ3750080500,51.506711,-0.020166801
772659,538500,180500,TQ3850080500,51.506467,-0.0057672397
772660,539500,180500,TQ3950080500,51.506221,0.0086321182
772661,540500,180500,TQ4050080500,51.505973,0.023031271
772662,541500,180500,TQ4150080500,51.505724,0.037430218
772663,542500,180500,TQ4250080500,51.505473,0.051828957
772664,543500,180500,TQ4350080500,51.505220,0.066227487
772665,544500,180500,TQ4450080500,51.504966,0.080625807
772666,545500,180500,TQ4550080500,51.504709,0.095023914
772667,546500,180500,TQ4650080500,51.504451,0.10942181
772668,547500,180500,TQ4750080500,51.504191,0.12381949
772669,548500,180500,TQ4850080500,51.503930,0.13821695
772670,549500,180500,TQ4950080500,51.503666,0.15261419
772671,550500,180500,TQ5050080500,51.503401,0.16701122
772672,551500,180500,TQ5150080500,51.503134,0.18140802
772673,552500,180500,TQ5250080500,51.502866,0.19580460
772674,553500,180500,TQ5350080500,51.502595,0.21020096
773321,510500,179500,TQ1050079500,51.503642,-0.40933948
773322,511500,179500,TQ1150079500,51.503446,-0.39493782
773323,512500,179500,TQ1250079500,51.503248,-0.38053632
773324,513500,179500,TQ1350079500,51.503048,-0.36613498
773325,514500,179500,TQ1450079500,51.502847,-0.35173381
773326,515500,179500,TQ1550079500,51.502643,-0.33733281
773327,516500,179500,TQ1650079500,51.502438,-0.32293197
773328,517500,179500,TQ1750079500,51.502232,-0.30853131
773329,518500,179500,TQ1850079500,51.502023,-0.29413082
773330,519500,179500,TQ1950079500,51.501813,-0.27973051
773331,520500,179500,TQ2050079500,51.501601,-0.26533037
773332,521500,179500,TQ2150079500,51.501387,-0.25093041
773333,522500,179500,TQ2250079500,51.501171,-0.23653062
773334,523500,179500,TQ2350079500,51.500954,-0.22213102
773335,524500,179500,TQ2450079500,51.500735,-0.20773159
773336,525500,179500,TQ2550079500,51.500514,-0.19333235
773337,526500,179500,TQ2650079500,51.500291,-0.17893330
773338,527500,179500,TQ2750079500,51.500066,-0.16453442
773339,528500,179500,TQ2850079500,51.499840,-0.15013574
773340,529500,179500,TQ2950079500,51.499612,-0.13573724
773341,530500,179500,TQ3050079500,51.499382,-0.12133894
773342,531500,179500,TQ3150079500,51.499151,-0.10694082
773343,532500,179500,TQ3250079500,51.498918,-0.092542903
773344,533500,179500,TQ3350079500,51.498683,-0.078145177
773345,534500,179500,TQ3450079500,51.498446,-0.063747646
773346,535500,179500,TQ3550079500,51.498207,-0.049350312
773347,536500,179500,TQ3650079500,51.497967,-0.034953177
773348,537500,179500,TQ3750079500,51.497725,-0.020556243
773349,538500,179500,TQ3850079500,51.497481,-0.0061595097
773350,539500,179500,TQ3950079500,51.497235,0.0082370201
773351,540500,179500,TQ4050079500,51.496988,0.022633345
773352,541500,179500,TQ4150079500,51.496738,0.037029464
773353,542500,179500,TQ4250079500,51.496487,0.051425376
773354,543500,179500,TQ4350079500,51.496235,0.065821078
773355,544500,179500,TQ4450079500,51.495980,0.080216570
773356,545500,179500,TQ4550079500,51.495724,0.094611850
773357,546500,179500,TQ4650079500,51.495466,0.10900692
773358,547500,179500,TQ4750079500,51.495206,0.12340177
773359,548500,179500,TQ4850079500,51.494945,0.13779640
773360,549500,179500,TQ4950079500,51.494681,0.15219082
773361,550500,179500,TQ5050079500,51.494416,0.16658502
773362,551500,179500,TQ5150079500,51.494149,0.18097900
773363,552500,179500,TQ5250079500,51.493881,0.19537275
773364,553500,179500,TQ5350079500,51.493610,0.20976629
774011,510500,178500,TQ1050078500,51.494654,-0.40965235
774012,511500,178500,TQ1150078500,51.494458,-0.39525351
774013,512500,178500,TQ1250078500,51.494260,-0.38085484
774014,513500,178500,TQ1350078500,51.494060,-0.36645634
774015,514500,178500,TQ1450078500,51.493859,-0.35205800
774016,515500,178500,TQ1550078500,51.493656,-0.33765982
774017,516500,178500,TQ1650078500,51.493451,-0.32326182
774018,517500,178500,TQ1750078500,51.493244,-0.30886399
774019,518500,178500,TQ1850078500,51.493036,-0.29446633
774020,519500,178500,TQ1950078500,51.492825,-0.28006884
774021,520500,178500,TQ2050078500,51.492613,-0.26567153
774022,521500,178500,TQ2150078500,51.492399,-0.25127440
774023,522500,178500,TQ2250078500,51.492184,-0.23687744
774024,523500,178500,TQ2350078500,51.491967,-0.22248067
774025,524500,178500,TQ2450078500,51.491747,-0.20808407
774026,525500,178500,TQ2550078500,51.491527,-0.19368766
774027,526500,178500,TQ2650078500,51.491304,-0.17929143
774028,527500,178500,TQ2750078500,51.491080,-0.16489539
774029,528500,178500,TQ2850078500,51.490853,-0.15049953
774030,529500,178500,TQ2950078500,51.490625,-0.13610387
774031,530500,178500,TQ3050078500,51.490396,-0.12170839
774032,531500,178500,TQ3150078500,51.490164,-0.10731310
774033,532500,178500,TQ3250078500,51.489931,-0.092918007
774034,533500,178500,TQ3350078500,51.489696,-0.078523108
774035,534500,178500,TQ3450078500,51.489459,-0.064128404
774036,535500,178500,TQ3550078500,51.489221,-0.049733898
774037,536500,178500,TQ3650078500,51.488981,-0.035339590
774038,537500,178500,TQ3750078500,51.488738,-0.020945483
774039,538500,178500,TQ3850078500,51.488495,-0.0065515765
774040,539500,178500,TQ3950078500,51.488249,0.0078421265
774041,540500,178500,TQ4050078500,51.488002,0.022235625
774042,541500,178500,TQ4150078500,51.487753,0.036628918
774043,542500,178500,TQ4250078500,51.487502,0.051022003
774044,543500,178500,TQ4350078500,51.487249,0.065414879
774045,544500,178500,TQ4450078500,51.486995,0.079807545
774046,545500,178500,TQ4550078500,51.486738,0.094200000
774047,546500,178500,TQ4650078500,51.486481,0.10859224
774048,547500,178500,TQ4750078500,51.486221,0.12298427
774049,548500,178500,TQ4850078500,51.485959,0.13737608
774050,549500,178500,TQ4950078500,51.485696,0.15176767
774051,550500,178500,TQ5050078500,51.485431,0.16615904
774052,551500,178500,TQ5150078500,51.485164,0.18055020
774053,552500,178500,TQ5250078500,51.484896,0.19494113
774054,553500,178500,TQ5350078500,51.484626,0.20933183
774701,510500,177500,TQ1050077500,51.485666,-0.40996505
774702,511500,177500,TQ1150077500,51.485470,-0.39556905
774703,512500,177500,TQ1250077500,51.485272,-0.38117321
774704,513500,177500,TQ1350077500,51.485073,-0.36677753
774705,514500,177500,TQ1450077500,51.484871,-0.35238202
774706,515500,177500,TQ1550077500,51.484668,-0.33798667
774707,516500,177500,TQ1650077500,51.484463,-0.32359150
774708,517500,177500,TQ1750077500,51.484256,-0.30919649
774709,518500,177500,TQ1850077500,51.484048,-0.29480166
774710,519500,177500,TQ1950077500,51.483838,-0.28040700
774711,520500,177500,TQ2050077500,51.483626,-0.26601252
774712,521500,177500,TQ2150077500,51.483412,-0.25161821
774713,522500,177500,TQ2250077500,51.483197,-0.23722409
774714,523500,177500,TQ2350077500,51.482979,-0.22283014
774715,524500,177500,TQ2450077500,51.482760,-0.20843637
774716,525500,177500,TQ2550077500,51.482540,-0.19404278
774717,526500,177500,TQ2650077500,51.482317,-0.17964938
774718,527500,177500,TQ2750077500,51.482093,-0.16525617
774719,528500,177500,TQ2850077500,51.481867,-0.15086314
774720,529500,177500,TQ2950077500,51.481639,-0.13647030
774721,530500,177500,TQ3050077500,51.481409,-0.12207764
774722,531500,177500,TQ3150077500,51.481178,-0.10768518
774723,532500,177500,TQ3250077500,51.480945,-0.093292917
774724,533500,177500,TQ3350077500,51.480710,-0.078900844
774725,534500,177500,TQ3450077500,51.480473,-0.064508966
774726,535500,177500,TQ3550077500,51.480235,-0.050117285
774727,536500,177500,TQ3650077500,51.479994,-0.035725803
774728,537500,177500,TQ3750077500,51.479752,-0.021334521
774729,538500,177500,TQ3850077500,51.479509,-0.0069434403
774730,539500,177500,TQ3950077500,51.479263,0.0074474375
774731,540500,177500,TQ4050077500,51.479016,0.021838111
774732,541500,177500,TQ4150077500,51.478767,0.036228579
774733,542500,177500,TQ4250077500,51.478516,0.050618839
774734,543500,177500,TQ4350077500,51.478263,0.065008891
774735,544500,177500,TQ4450077500,51.478009,0.079398732
774736,545500,177500,TQ4550077500,51.477753,0.093788362
774737,546500,177500,TQ4650077500,51.477495,0.10817778
774738,547500,177500,TQ4750077500,51.477236,0.12256698
774739,548500,177500,TQ4850077500,51.476974,0.13695597
774740,549500,177500,TQ4950077500,51.476711,0.15134474
774741,550500,177500,TQ5050077500,51.476446,0.16573329
774742,551500,177500,TQ5150077500,51.476179,0.18012162
774743,552500,177500,TQ5250077500,51.475911,0.19450972
774744,553500,177500,TQ5350077500,51.475641,0.20889761
775391,510500,176500,TQ1050076500,51.476678,-0.41027760
775392,511500,176500,TQ1150076500,51.476482,-0.39588442
775393,512500,176500,TQ1250076500,51.476284,-0.38149140
775394,513500,176500,TQ1350076500,51.476085,-0.36709855
775395,514500,176500,TQ1450076500,51.475883,-0.35270587
775396,515500,176500,TQ1550076500,51.475680,-0.33831335
775397,516500,176500,TQ1650076500,51.475475,-0.32392100
775398,517500,176500,TQ1750076500,51.475269,-0.30952882
775399,518500,176500,TQ1850076500,51.475061,-0.29513682
775400,519500,176500,TQ1950076500,51.474850,-0.28074499
775401,520500,176500,TQ2050076500,51.474638,-0.26635333
775402,521500,176500,TQ2150076500,51.474425,-0.25196185
775403,522500,176500,TQ2250076500,51.474209,-0.23757055
775404,523500,176500,TQ2350076500,51.473992,-0.22317943
775405,524500,176500,TQ2450076500,51.473773,-0.20878848
775406,525500,176500,TQ2550076500,51.473553,-0.19439772
775407,526500,176500,TQ2650076500,51.473330,-0.18000715
775408,527500,176500,TQ2750076500,51.473106,-0.16561676
775409,528500,176500,TQ2850076500,51.472880,-0.15122655
775410,529500,176500,TQ2950076500,51.472652,-0.13683654
775411,530500,176500,TQ3050076500,51.472422,-0.12244671
775412,531500,176500,TQ3150076500,51.472191,-0.10805708
775413,532500,176500,TQ3250076500,51.471958,-0.093667633
775414,533500,176500,TQ3350076500,51.471723,-0.079278384
775415,534500,176500,TQ3450076500,51.471487,-0.064889331
775416,535500,176500,TQ3550076500,51.471248,-0.050500474
775417,536500,176500,TQ3650076500,51.471008,-0.036111816
775418,537500,176500,TQ3750076500,51.470766,-0.021723358
775419,538500,176500,TQ3850076500,51.470523,-0.0073351013
775420,539500,176500,TQ3950076500,51.470277,0.0070529528
775421,540500,176500,TQ4050076500,51.470030,0.021440803
775422,541500,176500,TQ4150076500,51.469781,0.035828447
775423,542500,176500,TQ4250076500,51.469530,0.050215884
775424,543500,176500,TQ4350076500,51.469278,0.064603113
775425,544500,176500,TQ4450076500,51.469024,0.078990131
775426,545500,176500,TQ4550076500,51.468767,0.093376938
775427,546500,176500,TQ4650076500,51.468510,0.10776353
775428,547500,176500,TQ4750076500,51.468250,0.12214991
775429,548500,176500,TQ4850076500,51.467989,0.13653608
775430,549500,176500,TQ4950076500,51.467726,0.15092202
775431,550500,176500,TQ5050076500,51.467461,0.16530775
775432,551500,176500,TQ5150076500,51.467194,0.17969326
775433,552500,176500,TQ5250076500,51.466926,0.19407854
775434,553500,176500,TQ5350076500,51.466656,0.20846360
776081,510500,175500,TQ1050075500,51.467690,-0.41058998
776082,511500,175500,TQ1150075500,51.467494,-0.39619963
776083,512500,175500,TQ1250075500,51.467296,-0.38180944
776084,513500,175500,TQ1350075500,51.467097,-0.36741941
776085,514500,175500,TQ1450075500,51.466896,-0.35302955
776086,515500,175500,TQ1550075500,51.466693,-0.33863986
776087,516500,175500,TQ1650075500,51.466488,-0.32425034
776088,517500,175500,TQ1750075500,51.466281,-0.30986098
776089,518500,175500,TQ1850075500,51.466073,-0.29547180
776090,519500,175500,TQ1950075500,51.465863,-0.28108280
776091,520500,175500,TQ2050075500,51.465651,-0.26669397
776092,521500,175500,TQ2150075500,51.465438,-0.25230531
776093,522500,175500,TQ2250075500,51.465222,-0.23791683
776094,523500,175500,TQ2350075500,51.465005,-0.22352853
776095,524500,175500,TQ2450075500,51.464786,-0.20914042
776096,525500,175500,TQ2550075500,51.464565,-0.19475248
776097,526500,175500,TQ2650075500,51.464343,-0.18036473
776098,527500,175500,TQ2750075500,51.464119,-0.16597716
776099,528500,175500,TQ2850075500,51.463893,-0.15158978
776100,529500,175500,TQ2950075500,51.463665,-0.13720259
776101,530500,175500,TQ3050075500,51.463436,-0.12281559
776102,531500,175500,TQ3150075500,51.463205,-0.10842877
776103,532500,175500,TQ3250075500,51.462972,-0.094042154
776104,533500,175500,TQ3350075500,51.462737,-0.079655728
776105,534500,175500,TQ3450075500,51.462500,-0.065269498
776106,535500,175500,TQ3550075500,51.462262,-0.050883465
776107,536500,175500,TQ3650075500,51.462022,-0.036497629
776108,537500,175500,TQ3750075500,51.461780,-0.022111994
776109,538500,175500,TQ3850075500,51.461536,-0.0077265595
776110,539500,175500,TQ3950075500,51.461291,0.0066586723
776111,540500,175500,TQ4050075500,51.461044,0.021043700
776112,541500,175500,TQ4150075500,51.460795,0.035428522
776113,542500,175500,TQ4250075500,51.460544,0.049813138
776114,543500,175500,TQ4350075500,51.460292,0.064197544
776115,544500,175500,TQ4450075500,51.460038,0.078581741
776116,545500,175500,TQ4550075500,51.459782,0.092965727
776117,546500,175500,TQ4650075500,51.459524,0.10734950
776118,547500,175500,TQ4750075500,51.459265,0.12173306
776119,548500,175500,TQ4850075500,51.459004,0.13611640
776120,549500,175500,TQ4950075500,51.458741,0.15049953
776121,550500,175500,TQ5050075500,51.458476,0.16488243
776122,551500,175500,TQ5150075500,51.458209,0.17926512
776123,552500,175500,TQ5250075500,51.457941,0.19364758
776124,553500,175500,TQ5350075500,51.457671,0.20802983
776771,510500,174500,TQ1050074500,51.458702,-0.41090220
776772,511500,174500,TQ1150074500,51.458506,-0.39651467
776773,512500,174500,TQ1250074500,51.458308,-0.38212730
776774,513500,174500,TQ1350074500,51.458109,-0.36774010
776775,514500,174500,TQ1450074500,51.457908,-0.35335307
776776,515500,174500,TQ1550074500,51.457705,-0.33896620
776777,516500,174500,TQ1650074500,51.457500,-0.32457950
776778,517500,174500,TQ1750074500,51.457294,-0.31019297
776779,518500,174500,TQ1850074500,51.457085,-0.29580661
776780,519500,174500,TQ1950074500,51.456875,-0.28142043
776781,520500,174500,TQ2050074500,51.456664,-0.26703442
776782,521500,174500,TQ2150074500,51.456450,-0.25264859
776783,522500,174500,TQ2250074500,51.456235,-0.23826294
776784,523500,174500,TQ2350074500,51.456018,-0.22387746
776785,524500,174500,TQ2450074500,51.455799,-0.20949217
776786,525500,174500,TQ2550074500,51.455578,-0.19510705
776787,526500,174500,TQ2650074500,51.455356,-0.18072212
776788,527500,174500,TQ2750074500,51.455132,-0.16633738
776789,528500,174500,TQ2850074500,51.454906,-0.15195282
776790,529500,174500,TQ2950074500,51.454678,-0.13756845
776791,530500,174500,TQ3050074500,51.454449,-0.12318427
776792,531500,174500,TQ3150074500,51.454218,-0.10880028
776793,532500,174500,TQ3250074500,51.453985,-0.094416482
776794,533500,174500,TQ3350074500,51.453750,-0.080032878
776795,534500,174500,TQ3450074500,51.453514,-0.065649469
776796,535500,174500,TQ3550074500,51.453276,-0.051266257
776797,536500,174500,TQ3650074500,51.453036,-0.036883243
776798,537500,174500,TQ3750074500,51.452794,-0.022500428
776799,538500,174500,TQ3850074500,51.452550,-0.0081178150
776800,539500,174500,TQ3950074500,51.452305,0.0062645959
776801,540500,174500,TQ4050074500,51.452058,0.020646803
776802,541500,174500,TQ4150074500,51.451809,0.035028805
776803,542500,174500,TQ4250074500,51.451559,0.049410599
776804,543500,174500,TQ4350074500,51.451306,0.063792186
776805,544500,174500,TQ4450074500,51.451052,0.078173563
776806,545500,174500,TQ4550074500,51.450796,0.092554728
776807,546500,174500,TQ4650074500,51.450539,0.10693568
776808,547500,174500,TQ4750074500,51.450279,0.12131642
776809,548500,174500,TQ4850074500,51.450018,0.13569694
776810,549500,174500,TQ4950074500,51.449755,0.15007725
776811,550500,174500,TQ5050074500,51.449491,0.16445734
776812,551500,174500,TQ5150074500,51.449224,0.17883720
776813,552500,174500,TQ5250074500,51.448956,0.19321685
776814,553500,174500,TQ5350074500,51.448686,0.20759627
777461,510500,173500,TQ1050073500,51.449714,-0.41121426
777462,511500,173500,TQ1150073500,51.449518,-0.39682955
777463,512500,173500,TQ1250073500,51.449320,-0.38244501
777464,513500,173500,TQ1350073500,51.449121,-0.36806063
777465,514500,173500,TQ1450073500,51.448920,-0.35367642
777466,515500,173500,TQ1550073500,51.448717,-0.33929237
777467,516500,173500,TQ1650073500,51.448512,-0.32490849
777468,517500,173500,TQ1750073500,51.448306,-0.31052479
777469,518500,173500,TQ1850073500,51.448098,-0.29614125
777470,519500,173500,TQ1950073500,51.447888,-0.28175789
777471,520500,173500,TQ2050073500,51.447676,-0.26737470
777472,521500,173500,TQ2150073500,51.447463,-0.25299169
777473,522500,173500,TQ2250073500,51.447248,-0.23860886
777474,523500,173500,TQ2350073500,51.447031,-0.22422621
777475,524500,173500,TQ2450073500,51.446812,-0.20984373
777476,525500,173500,TQ2550073500,51.446591,-0.19546144
777477,526500,173500,TQ2650073500,51.446369,-0.18107933
777478,527500,173500,TQ2750073500,51.446145,-0.16669741
777479,528500,173500,TQ2850073500,51.445919,-0.15231567
777480,529500,173500,TQ2950073500,51.445692,-0.13793412
777481,530500,173500,TQ3050073500,51.445462,-0.12355276
777482,531500,173500,TQ3150073500,51.445231,-0.10917159
777483,532500,173500,TQ3250073500,51.444998,-0.094790616
777484,533500,173500,TQ3350073500,51.444764,-0.080409832
777485,534500,173500,TQ3450073500,51.444527,-0.066029243
777486,535500,173500,TQ3550073500,51.444289,-0.051648851
777487,536500,173500,TQ3650073500,51.444049,-0.037268657
777488,537500,173500,TQ3750073500,51.443808,-0.022888662
777489,538500,173500,TQ3850073500,51.443564,-0.0085088681
777490,539500,173500,TQ3950073500,51.443319,0.0058707235
777491,540500,173500,TQ4050073500,51.443072,0.020250111
777492,541500,173500,TQ4150073500,51.442823,0.034629294
777493,542500,173500,TQ4250073500,51.442573,0.049008270
777494,543500,173500,TQ4350073500,51.442321,0.063387037
777495,544500,173500,TQ4450073500,51.442067,0.077765595
777496,545500,173500,TQ4550073500,51.441811,0.092143942
777497,546500,173500,TQ4650073500,51.441553,0.10652208
777498,547500,173500,TQ4750073500,51.441294,0.12090000
777499,548500,173500,TQ4850073500,51.441033,0.13527770
777500,549500,173500,TQ4950073500,51.440770,0.14965519
777501,550500,173500,TQ5050073500,51.440506,0.16403246
777502,551500,173500,TQ5150073500,51.440239,0.17840951
777503,552500,173500,TQ5250073500,51.439971,0.19278634
777504,553500,173500,TQ5350073500,51.439701,0.20716295
778151,510500,172500,TQ1050072500,51.440726,-0.41152615
778152,511500,172500,TQ1150072500,51.440530,-0.39714427
778153,512500,172500,TQ1250072500,51.440332,-0.38276255
778154,513500,172500,TQ1350072500,51.440133,-0.36838099
778155,514500,172500,TQ1450072500,51.439932,-0.35399960
778156,515500,172500,TQ1550072500,51.439729,-0.33961837
778157,516500,172500,TQ1650072500,51.439525,-0.32523732
778158,517500,172500,TQ1750072500,51.439318,-0.31085643
778159,518500,172500,TQ1850072500,51.439110,-0.29647572
778160,519500,172500,TQ1950072500,51.438900,-0.28209518
778161,520500,172500,TQ2050072500,51.438689,-0.26771481
778162,521500,172500,TQ2150072500,51.438475,-0.25333462
778163,522500,172500,TQ2250072500,51.438260,-0.23895461
778164,523500,172500,TQ2350072500,51.438043,-0.22457477
778165,524500,172500,TQ2450072500,51.437825,-0.21019512
778166,525500,172500,TQ2550072500,51.437604,-0.19581565
778167,526500,172500,TQ2650072500,51.437382,-0.18143636
778168,527500,172500,TQ2750072500,51.437158,-0.16705725
778169,528500,172500,TQ2850072500,51.436932,-0.15267834
778170,529500,172500,TQ2950072500,51.436705,-0.13829961
778171,530500,172500,TQ3050072500,51.436476,-0.12392107
778172,531500,172500,TQ3150072500,51.436245,-0.10954271
778173,532500,172500,TQ3250072500,51.436012,-0.095164556
778174,533500,172500,TQ3350072500,51.435777,-0.080786591
778175,534500,172500,TQ3450072500,51.435541,-0.066408821
778176,535500,172500,TQ3550072500,51.435303,-0.052031247
778177,536500,172500,TQ3650072500,51.435063,-0.037653871
778178,537500,172500,TQ3750072500,51.434822,-0.023276695
778179,538500,172500,TQ3850072500,51.434578,-0.0088997189
778180,539500,172500,TQ3950072500,51.434333,0.0054770548
778181,540500,172500,TQ4050072500,51.434086,0.019853625
778182,541500,172500,TQ4150072500,51.433838,0.034229990
778183,542500,172500,TQ4250072500,51.433587,0.048606148
778184,543500,172500,TQ4350072500,51.433335,0.062982098
778185,544500,172500,TQ4450072500,51.433081,0.077357839
778186,545500,172500,TQ4550072500,51.432825,0.091733369
778187,546500,172500,TQ4650072500,51.432568,0.10610869
778188,547500,172500,TQ4750072500,51.432309,0.12048379
778189,548500,172500,TQ4850072500,51.432048,0.13485868
778190,549500,172500,TQ4950072500,51.431785,0.14923335
778191,550500,172500,TQ5050072500,51.431520,0.16360780
778192,551500,172500,TQ5150072500,51.431254,0.17798204
778193,552500,172500,TQ5250072500,51.430986,0.19235605
778194,553500,172500,TQ5350072500,51.430716,0.20672984
778841,510500,171500,TQ1050071500,51.431738,-0.41183789
778842,511500,171500,TQ1150071500,51.431542,-0.39745882
778843,512500,171500,TQ1250071500,51.431344,-0.38307992
778844,513500,171500,TQ1350071500,51.431145,-0.36870118
778845,514500,171500,TQ1450071500,51.430944,-0.35432261
778846,515500,171500,TQ1550071500,51.430742,-0.33994421
778847,516500,171500,TQ1650071500,51.430537,-0.32556597
778848,517500,171500,TQ1750071500,51.430331,-0.31118790
778849,518500,171500,TQ1850071500,51.430123,-0.29681001
778850,519500,171500,TQ1950071500,51.429913,-0.28243229
778851,520500,171500,TQ2050071500,51.429701,-0.26805474
778852,521500,171500,TQ2150071500,51.429488,-0.25367737
778853,522500,171500,TQ2250071500,51.429273,-0.23930017
778854,523500,171500,TQ2350071500,51.429056,-0.22492316
778855,524500,171500,TQ2450071500,51.428838,-0.21054632
778856,525500,171500,TQ2550071500,51.428617,-0.19616967
778857,526500,171500,TQ2650071500,51.428395,-0.18179320
778858,527500,171500,TQ2750071500,51.428171,-0.16741691
778859,528500,171500,TQ2850071500,51.427945,-0.15304081
778860,529500,171500,TQ2950071500,51.427718,-0.13866490
778861,530500,171500,TQ3050071500,51.427489,-0.12428918
778862,531500,171500,TQ3150071500,51.427258,-0.10991364
778863,532500,171500,TQ3250071500,51.427025,-0.095538303
778864,533500,171500,TQ3350071500,51.426791,-0.081163155
778865,534500,171500,TQ3450071500,51.426555,-0.066788202
778866,535500,171500,TQ3550071500,51.426317,-0.052413446
778867,536500,171500,TQ3650071500,51.426077,-0.038038887
778868,537500,171500,TQ3750071500,51.425835,-0.023664527
778869,538500,171500,TQ3850071500,51.425592,-0.0092903674
778870,539500,171500,TQ3950071500,51.425347,0.0050835897
778871,540500,171500,TQ4050071500,51.425100,0.019457343
778872,541500,171500,TQ4150071500,51.424852,0.033830892
778873,542500,171500,TQ4250071500,51.424601,0.048204234
778874,543500,171500,TQ4350071500,51.424349,0.062577369
778875,544500,171500,TQ4450071500,51.424095,0.076950294
778876,545500,171500,TQ4550071500,51.423840,0.091323008
778877,546500,171500,TQ4650071500,51.423582,0.10569551
778878,547500,171500,TQ4750071500,51.423323,0.12006780
778879,548500,171500,TQ4850071500,51.423062,0.13443987
778880,549500,171500,TQ4950071500,51.422800,0.14881173
778881,550500,171500,TQ5050071500,51.422535,0.16318337
778882,551500,171500,TQ5150071500,51.422269,0.17755479
778883,552500,171500,TQ5250071500,51.422001,0.19192598
778884,553500,171500,TQ5350071500,51.421732,0.20629696
779531,510500,170500,TQ1050070500,51.422749,-0.41214946
779532,511500,170500,TQ1150070500,51.422554,-0.39777322
779533,512500,170500,TQ1250070500,51.422356,-0.38339713
779534,513500,170500,TQ1350070500,51.422157,-0.36902121
779535,514500,170500,TQ1450070500,51.421956,-0.35464546
779536,515500,170500,TQ1550070500,51.421754,-0.34026987
779537,516500,170500,TQ1650070500,51.421549,-0.32589445
779538,517500,170500,TQ1750070500,51.421343,-0.31151920
779539,518500,170500,TQ1850070500,51.421135,-0.29714413
779540,519500,170500,TQ1950070500,51.420925,-0.28276922
779541,520500,170500,TQ2050070500,51.420714,-0.26839449
779542,521500,170500,TQ2150070500,51.420501,-0.25401994
779543,522500,170500,TQ2250070500,51.420286,-0.23964556
779544,523500,170500,TQ2350070500,51.420069,-0.22527136
779545,524500,170500,TQ2450070500,51.419850,-0.21089734
779546,525500,170500,TQ2550070500,51.419630,-0.19652351
779547,526500,170500,TQ2650070500,51.419408,-0.18214985
779548,527500,170500,TQ2750070500,51.419184,-0.16777638
779549,528500,170500,TQ2850070500,51.418959,-0.15340310
779550,529500,170500,TQ2950070500,51.418731,-0.13903001
779551,530500,170500,TQ3050070500,51.418502,-0.12465710
779552,531500,170500,TQ3150070500,51.418271,-0.11028438
779553,532500,170500,TQ3250070500,51.418039,-0.095911856
779554,533500,170500,TQ3350070500,51.417804,-0.081539525
779555,534500,170500,TQ3450070500,51.417568,-0.067167387
779556,535500,170500,TQ3550070500,51.417330,-0.052795446
779557,536500,170500,TQ3650070500,51.417090,-0.038423703
779558,537500,170500,TQ3750070500,51.416849,-0.024052158
779559,538500,170500,TQ3850070500,51.416606,-0.0096808139
779560,539500,170500,TQ3950070500,51.416361,0.0046903282
779561,540500,170500,TQ4050070500,51.416114,0.019061267
779562,541500,170500,TQ4150070500,51.415866,0.033432001
779563,542500,170500,TQ4250070500,51.415615,0.047802529
779564,543500,170500,TQ4350070500,51.415363,0.062172849
779565,544500,170500,TQ4450070500,51.415110,0.076542959
779566,545500,170500,TQ4550070500,51.414854,0.090912860
779567,546500,170500,TQ4650070500,51.414597,0.10528255
779568,547500,170500,TQ4750070500,51.414338,0.11965202
779569,548500,170500,TQ4850070500,51.414077,0.13402128
779570,549500,170500,TQ4950070500,51.413814,0.14839032
779571,550500,170500,TQ5050070500,51.413550,0.16275915
779572,551500,170500,TQ5150070500,51.413284,0.17712776
779573,552500,170500,TQ5250070500,51.413016,0.19149614
779574,553500,170500,TQ5350070500,51.412747,0.20586430
780221,510500,169500,TQ1050069500,51.413761,-0.41246087
780222,511500,169500,TQ1150069500,51.413566,-0.39808745
780223,512500,169500,TQ1250069500,51.413368,-0.38371418
780224,513500,169500,TQ1350069500,51.413169,-0.36934108
780225,514500,169500,TQ1450069500,51.412969,-0.35496814
780226,515500,169500,TQ1550069500,51.412766,-0.34059537
780227,516500,169500,TQ1650069500,51.412562,-0.32622277
780228,517500,169500,TQ1750069500,51.412355,-0.31185033
780229,518500,169500,TQ1850069500,51.412148,-0.29747807
780230,519500,169500,TQ1950069500,51.411938,-0.28310598
780231,520500,169500,TQ2050069500,51.411726,-0.26873407
780232,521500,169500,TQ2150069500,51.411513,-0.25436233
780233,522500,169500,TQ2250069500,51.411298,-0.23999077
780234,523500,169500,TQ2350069500,51.411082,-0.22561939
780235,524500,169500,TQ2450069500,51.410863,-0.21124819
780236,525500,169500,TQ2550069500,51.410643,-0.19687716
780237,526500,169500,TQ2650069500,51.410421,-0.18250633
780238,527500,169500,TQ2750069500,51.410197,-0.16813567
780239,528500,169500,TQ2850069500,51.409972,-0.15376520
780240,529500,169500,TQ2950069500,51.409744,-0.13939492
780241,530500,169500,TQ3050069500,51.409515,-0.12502483
780242,531500,169500,TQ3150069500,51.409285,-0.11065493
780243,532500,169500,TQ3250069500,51.409052,-0.096285217
780244,533500,169500,TQ3350069500,51.408818,-0.081915699
780245,534500,169500,TQ3450069500,51.408582,-0.067546376
780246,535500,169500,TQ3550069500,51.408344,-0.053177249
780247,536500,169500,TQ3650069500,51.408104,-0.038808320
780248,537500,169500,TQ3750069500,51.407863,-0.024439589
780249,538500,169500,TQ3850069500,51.407620,-0.010071059
780250,539500,169500,TQ3950069500,51.407375,0.0042972701
780251,540500,169500,TQ4050069500,51.407128,0.018665395
780252,541500,169500,TQ4150069500,51.406880,0.033033316
780253,542500,169500,TQ4250069500,51.406630,0.047401031
780254,543500,169500,TQ4350069500,51.406378,0.061768538
780255,544500,169500,TQ4450069500,51.406124,0.076135836
780256,545500,169500,TQ4550069500,51.405869,0.090502923
780257,546500,169500,TQ4650069500,51.405611,0.10486980
780258,547500,169500,TQ4750069500,51.405352,0.11923646
780259,548500,169500,TQ4850069500,51.405092,0.13360291
780260,549500,169500,TQ4950069500,51.404829,0.14796914
780261,550500,169500,TQ5050069500,51.404565,0.16233515
780262,551500,169500,TQ5150069500,51.404299,0.17670095
780263,552500,169500,TQ5250069500,51.404031,0.19106652
780264,553500,169500,TQ5350069500,51.403762,0.20543187
780911,510500,168500,TQ1050068500,51.404773,-0.41277213
780912,511500,168500,TQ1150068500,51.404578,-0.39840151
780913,512500,168500,TQ1250068500,51.404380,-0.38403106
780914,513500,168500,TQ1350068500,51.404181,-0.36966077
780915,514500,168500,TQ1450068500,51.403981,-0.35529065
780916,515500,168500,TQ1550068500,51.403778,-0.34092070
780917,516500,168500,TQ1650068500,51.403574,-0.32655091
780918,517500,168500,TQ1750068500,51.403368,-0.31218129
780919,518500,168500,TQ1850068500,51.403160,-0.29781185
780920,519500,168500,TQ1950068500,51.402950,-0.28344257
780921,520500,168500,TQ2050068500,51.402739,-0.26907347
780922,521500,168500,TQ2150068500,51.402526,-0.25470455
780923,522500,168500,TQ2250068500,51.402311,-0.24033580
780924,523500,168500,TQ2350068500,51.402094,-0.22596723
780925,524500,168500,TQ2450068500,51.401876,-0.21159884
780926,525500,168500,TQ2550068500,51.401656,-0.19723064
780927,526500,168500,TQ2650068500,51.401434,-0.18286261
780928,527500,168500,TQ2750068500,51.401210,-0.16849477
780929,528500,168500,TQ2850068500,51.400985,-0.15412712
780930,529500,168500,TQ2950068500,51.400758,-0.13975965
780931,530500,168500,TQ3050068500,51.400529,-0.12539237
780932,531500,168500,TQ3150068500,51.400298,-0.11102528
780933,532500,168500,TQ3250068500,51.400065,-0.096658384
780934,533500,168500,TQ3350068500,51.399831,-0.082291680
780935,534500,168500,TQ3450068500,51.399595,-0.067925169
780936,535500,168500,TQ3550068500,51.399357,-0.053558855
780937,536500,168500,TQ3650068500,51.399118,-0.039192738
780938,537500,168500,TQ3750068500,51.398877,-0.024826819
780939,538500,168500,TQ3850068500,51.398633,-0.010461101
780940,539500,168500,TQ3950068500,51.398389,0.0039044152
780941,540500,168500,TQ4050068500,51.398142,0.018269729
780942,541500,168500,TQ4150068500,51.397894,0.032634837
780943,542500,168500,TQ4250068500,51.397644,0.046999740
780944,543500,168500,TQ4350068500,51.397392,0.061364436
780945,544500,168500,TQ4450068500,51.397138,0.075728922
780946,545500,168500,TQ4550068500,51.396883,0.090093198
780947,546500,168500,TQ4650068500,51.396626,0.10445726
780948,547500,168500,TQ4750068500,51.396367,0.11882111
780949,548500,168500,TQ4850068500,51.396106,0.13318475
780950,549500,168500,TQ4950068500,51.395844,0.14754817
780951,550500,168500,TQ5050068500,51.395580,0.16191137
780952,551500,168500,TQ5150068500,51.395314,0.17627436
780953,552500,168500,TQ5250068500,51.395046,0.19063712
780954,553500,168500,TQ5350068500,51.394777,0.20499966
